{
	"name": "Ds1302",
	"version": "1.0.3",
	"keywords": "library, C, C++, RTC, DS1302, clock, date, time, datetime",
	"description": "A C/C++ library to use DS1302 RTC chip.",
	"license": "AGPL-3.0",
	"homepage": "https://github.com/Treboada/Ds1302",
	"frameworks": "arduino",
	"platforms": [ "atmelavr", "espressif8266", "espressif32" ],
	"examples": "examples/*/*.cpp",
	"repository": 
		{
			"type": "git",
			"url": "https://github.com/Treboada/Ds1302.git"
		},
	"authors": 
		{
			"name": "Rafa Couto",
			"email": "caligari@treboada..net",
			"url": "http://www.linkedin.com/in/rafacouto"
		}
}
